feature,VIF
FRE,5.115004489572608
ARI,6.718342926041868
WC,6.324443583041416
TTR,6.529255740185506
MLS,9.146686545933377
MTLD,2.6249712477939373
NomR,1.73001326529026
MCD,5.316155802219389
MaxCD,2.9252588779805935
DC_C,4.432013680871358
CT_T,2.1495986270794645
MLC,2.1547531465560232
MAL,17.606220947234206
MaxAL,7.873506209860188
LeftBR,1.201339433639465
MeanArcCross,33.90950589849442
MaxArcCross,12.201788549278717
