{
  "n_base_sentences": 10,
  "depths": [
    0,
    1,
    2,
    3,
    4
  ],
  "correlations_depth_vs_metric": {
    "WC": {
      "pearson_r": 0.9789,
      "p_value": 9.67574406507063e-35
    },
    "FRE": {
      "pearson_r": -0.5704,
      "p_value": 1.52824894163604e-05
    },
    "TTR": {
      "pearson_r": -0.6583,
      "p_value": 2.0435301463854497e-07
    },
    "MCD": {
      "pearson_r": 1.0,
      "p_value": 0.0
    }
  },
  "mean_by_depth": {
    "WC": {
      "0": 5.0,
      "1": 8.6,
      "2": 12.1,
      "3": 15.6,
      "4": 18.9
    },
    "FRE": {
      "0": 66.4,
      "1": 61.806,
      "2": 53.5043,
      "3": 44.5439,
      "4": 39.0415
    },
    "TTR": {
      "0": 0.8,
      "1": 0.8167,
      "2": 0.7474,
      "3": 0.71,
      "4": 0.693
    },
    "MCD": {
      "0": 0.0,
      "1": 1.0,
      "2": 2.0,
      "3": 3.0,
      "4": 4.0
    }
  },
  "all_monotonic": true
}